X,Y,AP001,AP002,AP003,AP004,AP005,AP006,AP007,AP008,AP010,AP011,AP014,AP017,AP019,AP021,AP023,AP024,AP029,AP030
16,1,-96.0,-84.0,-74.0,-77.39407867360092,-87.40978765656145,-72.0,-74.0,-64.0,-88.3753220739608,-87.34230864394438,-86.46451466885226,-88.48860093012671,-86.31036456787567,-80.0,-80.0,-88.66029305790647,-84.0,-81.0
16,2,-86.93202562279288,-84.76183877779826,-65.5,-79.97193944684932,-87.4644600107944,-64.0,-64.0,-63.0,-88.3289318532675,-87.31885746112273,-87.07481950975505,-90.18414010228256,-88.81974612708328,-73.5,-71.0,-88.77946422676841,-90.0,-71.0
16,3,-86.62209695541664,-85.563913382414,-67.0,-82.74043248937829,-87.54950432531587,-65.0,-65.5,-58.0,-88.21610390387386,-87.28369713699581,-87.0977408742268,-95.0,-96.0,-71.0,-72.0,-88.0,-87.0,-73.0
16,4,-87.0734949821922,-85.9388783344338,-61.5,-97.0,-87.6527863385895,-59.0,-57.5,-56.0,-88.0212444391567,-87.24744018529883,-86.75866786065498,-97.0,-90.22898022469676,-72.0,-76.0,-87.0,-90.0,-73.0
16,5,-96.0,-92.0,-59.0,-97.0,-87.71643752920795,-57.0,-54.0,-57.0,-87.73465295935235,-87.24082249790858,-86.32009303605744,-95.0,-94.0,-66.0,-78.0,-96.0,-83.0,-79.0
16,6,-96.0,-84.99954285255016,-59.0,-95.0,-88.11361660897634,-59.0,-54.0,-52.5,-87.22639041875313,-87.36486233567814,-85.96337041254309,-96.5,-94.0,-68.0,-76.0,-94.5,-80.5,-69.5
16,7,-94.0,-93.0,-55.0,-83.0,-93.0,-50.5,-51.0,-55.0,-86.91373944350683,-88.1516629971757,-85.55669114778999,-88.47355447521183,-97.0,-71.0,-68.0,-89.0,-80.5,-71.5
16,8,-94.5,-94.5,-52.0,-94.0,-93.0,-51.0,-49.0,-56.0,-91.0,-93.0,-83.91175459502813,-97.5,-91.5,-66.0,-71.0,-92.0,-83.0,-72.0
16,9,-78.0,-84.0,-47.0,-72.0,-87.48347689213918,-47.0,-46.0,-80.0,-75.0,-85.0,-79.0,-65.0,-65.0,-74.0,-80.0,-63.0,-50.0,-83.0
16,10,-63.5,-63.0,-39.0,-63.0,-87.20140800410053,-40.0,-39.0,-73.0,-85.22311679263173,-87.49864965965908,-82.0,-68.0,-64.0,-73.0,-81.0,-67.0,-51.0,-82.0
16,11,-59.5,-68.0,-44.0,-63.0,-91.0,-44.0,-42.0,-74.0,-77.0,-87.1641837157599,-83.0,-80.0,-80.0,-78.0,-67.0,-78.0,-58.0,-69.0
16,12,-62.5,-60.5,-43.0,-69.0,-95.0,-43.0,-41.0,-74.0,-93.0,-85.38247478959244,-81.0,-67.0,-69.0,-77.0,-84.0,-70.0,-53.0,-84.0
16,13,-82.0,-82.0,-48.0,-79.0,-85.0,-47.0,-46.5,-69.0,-88.0,-80.0,-84.28505906159957,-82.0,-86.0,-75.0,-78.0,-92.0,-65.09462118123311,-75.5
16,14,-86.5,-79.5,-39.5,-74.0,-87.5,-45.0,-43.0,-60.0,-88.5,-85.0,-85.0,-92.0,-88.0,-71.0,-81.0,-88.0,-69.6317105190963,-79.5
16,15,-86.0,-85.0,-40.0,-77.0,-81.0,-40.0,-39.0,-76.0,-81.0,-86.0,-86.99599882233123,-84.0,-84.0,-79.0,-76.0,-88.0,-72.53382750406847,-75.0
16,16,-82.5,-85.0,-39.5,-64.5,-86.0,-38.0,-37.5,-68.0,-83.0,-82.0,-89.0,-87.0,-82.0,-76.0,-76.0,-81.0,-74.47933522555941,-76.0
16,17,-79.0,-80.0,-39.0,-73.0,-87.0,-39.0,-44.0,-73.0,-91.5,-84.0,-89.0,-84.0,-89.0,-74.0,-79.0,-88.0,-76.189049105535,-78.0
16,18,-78.5,-77.0,-43.0,-74.0,-75.0,-45.0,-42.0,-75.0,-83.0,-86.0,-87.0,-83.0,-85.0,-81.0,-81.0,-93.0,-76.99884671742872,-75.5
16,19,-79.0,-83.0,-47.0,-74.0,-87.5,-45.0,-47.0,-67.0,-87.0,-84.5,-93.0,-92.0,-88.0,-77.0,-79.0,-94.0,-75.43081850735645,-77.0
17,1,-76.0,-75.0,-60.0,-64.0,-87.41546266121395,-58.0,-58.0,-51.0,-88.65551524028548,-87.47694005138338,-83.0,-84.0,-78.0,-63.0,-73.0,-92.5,-78.0,-71.0
17,2,-95.0,-96.0,-67.5,-81.0,-87.51596660312755,-66.5,-65.5,-51.0,-88.68784653836383,-87.45649605566375,-88.30586403691697,-98.0,-94.0,-60.0,-84.0,-96.0,-72.0,-86.5
17,3,-94.0,-94.0,-60.0,-85.0,-87.69782577680252,-58.0,-58.0,-52.0,-88.61655532243536,-87.41351641720165,-87.0,-86.0,-89.52630006193222,-59.0,-77.0,-88.92200114009378,-67.0,-76.0
17,4,-92.0,-94.0,-63.5,-83.0,-88.06007136910617,-60.5,-59.0,-49.0,-88.37343973124628,-87.35528690570888,-87.21632416147919,-98.0,-94.0,-62.0,-83.0,-93.0,-71.5,-83.5
17,5,-93.0,-93.5,-63.0,-91.0,-88.35680391134827,-61.0,-63.0,-49.0,-88.14078066652412,-87.30263237617247,-86.66162375969468,-100.0,-98.0,-66.0,-78.0,-88.0,-74.0,-79.0
17,6,-95.0,-92.0,-65.0,-87.0,-87.23428704667494,-65.5,-66.0,-41.5,-87.50952026109938,-87.31325795641618,-86.45736318478284,-94.0,-89.82730016602663,-66.5,-81.0,-96.0,-74.0,-77.5
17,7,-91.0,-90.0,-62.0,-82.0,-83.0,-54.5,-56.0,-54.0,-81.0,-87.5267202500044,-89.0,-89.0,-92.0,-67.0,-74.5,-95.0,-61.0,-78.0
17,8,-79.03440459089492,-94.0,-49.5,-89.0,-87.07417237326318,-48.0,-48.5,-54.0,-90.0,-87.66696148477077,-86.0,-84.0,-83.0,-76.0,-75.0,-87.0,-82.0,-72.0
17,9,-61.5,-58.0,-52.0,-77.0,-86.0,-46.0,-51.0,-75.0,-84.0,-86.0,-79.0,-76.5,-79.0,-81.0,-71.0,-68.0,-57.0,-71.0
17,10,-67.0,-66.5,-48.0,-66.0,-87.0,-48.0,-47.0,-75.0,-87.0,-93.0,-68.0,-87.0,-86.0,-77.0,-61.0,-72.0,-51.0,-74.0
17,11,-62.0,-63.0,-46.0,-67.0,-87.0,-46.0,-46.0,-74.0,-94.0,-93.0,-75.0,-69.0,-69.0,-76.0,-82.0,-65.0,-53.0,-68.0
17,12,-62.5,-62.0,-53.0,-68.0,-84.0,-54.0,-52.0,-74.0,-84.0,-84.0,-75.0,-67.0,-63.0,-84.0,-80.0,-62.0,-58.0,-81.0
17,13,-84.5,-86.0,-39.0,-64.0,-84.0,-41.0,-37.0,-69.0,-82.0,-81.0,-84.0,-83.0,-91.0,-76.0,-74.0,-85.0,-66.0,-82.0
17,14,-75.5,-73.0,-43.0,-67.0,-90.0,-49.0,-48.0,-66.0,-88.0,-86.0,-93.0,-96.0,-89.5,-78.0,-80.0,-94.0,-77.0,-82.0
17,15,-81.5,-78.5,-44.0,-77.0,-82.0,-48.0,-47.0,-70.0,-85.0,-91.0,-86.0,-82.0,-90.0,-86.0,-74.0,-90.0,-80.0,-73.0
17,16,-81.0,-79.0,-45.0,-72.0,-84.0,-48.0,-45.0,-71.0,-86.5,-82.0,-95.0,-91.0,-83.0,-83.0,-76.0,-86.0,-80.0,-76.0
17,17,-78.0,-78.5,-50.0,-62.5,-82.0,-58.0,-54.0,-72.0,-81.0,-86.0,-82.0,-81.0,-81.0,-83.0,-85.0,-83.0,-84.0,-82.0
17,18,-82.0,-81.0,-51.5,-73.0,-89.0,-52.0,-50.0,-76.0,-83.5,-89.0,-85.0,-89.0,-90.5,-86.0,-83.0,-89.0,-87.0,-81.0
17,19,-83.0,-83.0,-79.0,-70.0,-79.0,-75.0,-42.0,-78.0,-78.0,-87.0,-82.0,-77.0,-95.0,-79.0,-80.0,-81.0,-77.56951139741423,-80.0
18,1,-94.0,-90.5,-67.0,-95.0,-87.27744699712393,-65.5,-63.0,-48.0,-89.0092515092286,-87.65332356306445,-88.0,-96.0,-87.0,-61.0,-76.0,-94.0,-77.0,-80.0
18,2,-96.5,-94.0,-67.0,-92.5,-87.47562614101709,-71.0,-71.0,-51.0,-89.28855460882188,-87.64135604270882,-99.0,-88.0,-87.0,-70.0,-80.0,-88.0,-75.0,-80.0
18,3,-94.0,-93.0,-62.5,-91.0,-87.78202920700228,-63.0,-62.0,-47.5,-89.59433320465486,-87.58881888002428,-89.48222374148673,-86.0,-87.0,-66.0,-81.0,-87.0,-70.5,-80.0
18,4,-90.0,-92.0,-62.0,-95.0,-88.5550068317844,-67.5,-60.5,-57.0,-88.89245635279907,-87.50409102347555,-87.87308149975797,-93.0,-93.0,-63.0,-80.0,-96.0,-76.0,-79.5
18,5,-97.0,-96.5,-60.0,-86.0,-93.0,-58.5,-59.0,-51.5,-88.70563477100094,-87.39667293918482,-87.0141628084478,-90.64292458860828,-89.9010213458989,-64.0,-79.5,-89.11358521755328,-80.0,-78.0
18,6,-95.0,-92.0,-63.0,-86.0,-87.44346646261472,-63.0,-56.0,-46.5,-92.0,-87.27819901793305,-86.5896117227767,-95.5,-96.0,-60.5,-79.0,-95.0,-76.0,-78.0
18,7,-96.0,-97.0,-56.5,-88.0,-83.0,-59.0,-58.0,-49.0,-89.0,-87.20009511497764,-86.84967995638156,-94.5,-95.0,-68.0,-74.5,-94.5,-68.0,-72.0
18,8,-77.88034793920282,-84.0,-54.5,-85.0,-86.47541391851689,-52.5,-51.0,-52.0,-87.43425046281543,-87.2786474559205,-98.0,-96.0,-96.0,-70.0,-73.5,-87.0,-67.0,-73.0
18,9,-56.0,-54.0,-52.0,-67.0,-85.0,-53.0,-52.0,-76.0,-91.0,-88.0,-84.0,-80.0,-75.0,-75.0,-67.0,-78.0,-58.0,-67.0
18,10,-66.0,-66.0,-48.0,-67.0,-83.0,-47.0,-46.0,-75.0,-85.0,-87.41818305567081,-71.0,-74.0,-64.0,-78.0,-70.0,-63.0,-53.0,-68.0
18,11,-59.5,-59.0,-49.0,-62.0,-80.0,-51.0,-48.0,-78.0,-87.45169881321642,-86.77316079031364,-75.0,-79.0,-81.0,-72.0,-83.0,-68.0,-64.0,-83.0
18,12,-57.0,-56.0,-59.0,-69.0,-85.0,-58.0,-56.0,-76.0,-86.0,-85.0,-78.0,-80.0,-82.0,-78.0,-85.0,-71.0,-56.0,-81.0
18,13,-77.0,-81.0,-40.5,-68.0,-92.0,-37.0,-43.0,-63.0,-88.0,-85.0,-87.0,-88.0,-92.0,-75.0,-74.0,-91.0,-65.0,-83.0
18,14,-83.0,-78.0,-46.5,-64.0,-83.0,-40.0,-41.0,-62.0,-93.0,-84.0,-86.0,-90.5,-90.0,-78.0,-75.0,-88.5,-69.5,-83.0
18,15,-83.0,-79.5,-48.5,-68.0,-89.0,-46.0,-46.0,-70.0,-90.0,-91.0,-96.0,-93.0,-90.5,-79.0,-77.0,-92.0,-77.0,-76.0
18,16,-80.0,-80.0,-44.0,-70.0,-84.0,-45.0,-42.0,-70.0,-89.0,-88.0,-95.0,-93.0,-91.5,-78.0,-75.0,-92.0,-76.0,-82.0
18,17,-78.0,-78.0,-48.0,-69.0,-84.0,-48.0,-46.0,-72.0,-85.0,-83.0,-87.91360724303351,-94.0,-92.0,-79.0,-74.0,-89.0,-80.0,-77.0
18,18,-75.5,-73.0,-41.0,-65.0,-86.0,-42.0,-40.0,-66.0,-87.0,-86.0,-89.5,-90.5,-91.0,-79.0,-77.0,-90.0,-87.5,-75.0
18,19,-84.0,-80.5,-45.0,-76.0,-89.0,-44.0,-44.0,-69.0,-81.0,-76.0,-84.0,-96.0,-97.0,-81.0,-83.0,-93.0,-77.4929998968735,-77.0
19,1,-85.76487866664655,-84.28763517680063,-68.0,-83.0,-86.43591194771172,-66.0,-63.0,-50.0,-89.41418529270432,-87.89869879155293,-88.24998074819052,-96.0,-93.0,-58.0,-79.0,-92.0,-81.5,-75.0
19,2,-94.0,-92.0,-62.0,-90.0,-87.20288077270094,-59.0,-60.0,-48.5,-89.91060034000638,-87.90665220806443,-89.35981131816159,-86.0,-87.0,-63.0,-81.0,-88.0,-65.0,-81.0
19,3,-91.5,-92.5,-64.0,-79.5,-87.72936490753959,-61.0,-60.0,-48.0,-94.0,-87.8237358358027,-96.0,-95.0,-95.0,-59.0,-79.0,-95.0,-64.0,-74.0
19,4,-90.0,-88.0,-61.0,-87.0,-88.06514482276111,-60.0,-59.5,-39.0,-89.21949277895526,-87.67543635083219,-88.35102981235231,-96.5,-93.0,-54.0,-79.5,-88.0,-63.0,-80.0
19,5,-97.0,-93.5,-65.0,-93.0,-88.46194220349793,-62.0,-64.0,-39.0,-88.63511256003852,-87.57415796531286,-87.38215693300296,-94.0,-94.0,-66.0,-82.5,-94.5,-72.0,-83.0
19,6,-92.0,-93.0,-58.0,-86.0,-87.70998365047939,-59.0,-57.0,-43.5,-88.57163569090892,-87.34096571365436,-86.88128062568835,-96.0,-93.5,-69.0,-76.0,-92.5,-73.0,-80.0
19,7,-92.0,-90.0,-61.0,-90.5,-86.92179749267885,-59.0,-63.0,-52.0,-87.99889097173121,-87.04239137435745,-86.5159958691034,-91.0,-91.0,-74.0,-82.0,-95.0,-62.0,-80.0
19,8,-88.0,-86.5,-51.0,-87.0,-86.91904341937901,-49.0,-51.0,-45.0,-87.15929489819369,-87.04954181203662,-85.97197717825543,-91.0,-93.0,-68.0,-77.0,-93.0,-72.0,-79.0
19,9,-62.0,-58.5,-52.0,-66.0,-93.0,-52.0,-52.0,-75.0,-86.0,-92.0,-75.0,-78.0,-76.0,-71.0,-69.0,-74.0,-54.0,-66.0
19,10,-70.5,-64.0,-48.0,-64.0,-87.0,-52.0,-47.0,-74.0,-82.0,-86.46608048318514,-75.0,-76.0,-76.0,-74.0,-73.5,-75.0,-68.0,-74.5
19,11,-59.0,-61.0,-54.0,-57.0,-85.52220720450408,-56.0,-53.0,-75.0,-94.0,-85.80371315159265,-77.0,-72.0,-72.0,-74.0,-85.0,-73.0,-51.0,-85.0
19,12,-56.0,-54.0,-54.0,-59.0,-86.0904255368736,-54.0,-54.0,-77.0,-94.0,-85.82644307829568,-82.0,-75.0,-69.5,-78.0,-85.0,-77.0,-52.0,-85.0
19,13,-77.0,-78.0,-40.0,-67.0,-89.5,-42.0,-39.0,-67.0,-88.0,-88.5,-93.0,-82.0,-78.5,-70.5,-79.0,-86.5,-71.0,-77.0
19,14,-76.0,-78.5,-42.0,-62.5,-82.0,-40.0,-38.0,-68.0,-88.0,-88.0,-89.0,-90.0,-90.0,-79.0,-78.0,-90.0,-71.0,-81.0
19,15,-84.0,-79.5,-50.0,-70.0,-89.5,-50.0,-47.0,-77.0,-88.5,-90.5,-92.0,-84.0,-84.0,-83.0,-80.0,-88.0,-82.0,-80.0
19,16,-77.0,-76.0,-44.0,-73.0,-84.0,-53.0,-53.0,-71.0,-88.0,-87.0,-96.0,-90.0,-90.0,-85.0,-73.0,-89.0,-86.0,-75.0
19,17,-77.0,-76.0,-47.0,-72.0,-84.0,-48.0,-47.0,-79.0,-84.0,-86.0,-93.0,-92.0,-90.0,-83.5,-84.5,-93.0,-79.0,-87.0
19,18,-77.0,-76.0,-45.0,-65.0,-82.0,-48.0,-45.0,-71.0,-85.5,-86.0,-86.0,-90.0,-86.0,-75.0,-72.0,-86.0,-80.0,-72.0
19,19,-79.5,-81.0,-63.0,-79.0,-82.0,-52.0,-51.0,-73.0,-81.0,-84.20363186517667,-84.0,-94.0,-97.0,-84.0,-83.0,-91.0,-75.94930678724837,-81.0
20,1,-87.0,-85.0,-57.5,-82.0,-82.0,-57.5,-60.0,-49.0,-90.0,-88.27922876204629,-89.0,-84.0,-84.0,-56.0,-86.5,-83.0,-55.0,-83.0
20,2,-86.0,-82.5,-61.5,-83.0,-86.88169356389105,-60.0,-62.0,-61.5,-89.80078758511722,-88.35274397829583,-86.0,-86.0,-85.0,-49.0,-83.5,-83.0,-58.0,-83.0
20,3,-80.0,-82.0,-54.0,-78.0,-87.7184062669808,-53.0,-53.0,-43.0,-89.75149455799475,-88.2025936013357,-88.80226233892527,-85.0,-91.0,-42.0,-80.0,-81.0,-58.0,-83.0
20,4,-83.0,-81.0,-51.0,-82.0,-87.0,-55.0,-54.0,-36.0,-87.0,-87.0,-86.0,-85.0,-85.0,-41.0,-82.0,-82.0,-58.0,-79.0
20,5,-85.0,-84.0,-47.0,-85.0,-88.7222534349362,-47.0,-47.0,-44.0,-87.0,-87.92584050319205,-88.0,-85.0,-84.0,-53.0,-78.0,-85.0,-74.0,-78.0
20,6,-85.0,-86.0,-61.0,-82.0,-88.54949828946918,-60.0,-60.0,-45.0,-88.9373913464513,-87.62275287545363,-88.0,-86.82560805301601,-86.51874943611102,-45.0,-79.0,-91.0,-50.0,-80.0
20,7,-82.0,-83.0,-46.0,-77.0,-87.0,-45.0,-45.0,-46.0,-89.0,-86.0,-85.0,-79.0,-81.0,-46.0,-77.0,-79.0,-57.0,-76.0
20,8,-81.0,-80.0,-39.0,-74.0,-86.0,-43.0,-44.0,-48.0,-87.0,-86.26128401747948,-95.0,-86.0,-84.0,-62.0,-79.0,-85.0,-73.0,-80.0
20,9,-58.0,-55.0,-55.0,-56.0,-80.0,-56.0,-55.0,-77.0,-79.0,-79.0,-97.0,-72.0,-73.0,-78.0,-68.0,-75.0,-63.0,-68.0
20,10,-56.0,-56.0,-50.0,-58.0,-84.0,-50.0,-48.0,-84.0,-86.0,-86.0,-77.0,-79.5,-82.0,-82.0,-84.0,-76.5,-57.0,-84.0
20,11,-57.0,-56.0,-47.0,-62.0,-82.0,-51.0,-47.0,-77.0,-82.0,-82.0,-73.0,-77.0,-77.0,-80.0,-79.0,-77.0,-55.0,-79.0
20,12,-58.5,-53.0,-58.0,-60.0,-85.93841727838141,-58.0,-57.0,-73.0,-94.0,-84.0,-77.0,-89.0,-75.0,-75.0,-81.0,-90.0,-59.0,-81.0
20,13,-83.0,-81.5,-51.5,-82.0,-83.5,-49.5,-54.0,-72.0,-86.0,-85.0,-92.0,-89.0,-90.0,-80.0,-88.0,-88.0,-66.30086615844705,-89.0
20,14,-73.5,-71.0,-41.5,-74.5,-91.0,-42.0,-39.0,-73.0,-90.5,-88.0,-91.0,-83.0,-83.0,-75.0,-85.0,-84.0,-69.48108448444731,-83.0
20,15,-73.0,-75.0,-43.0,-70.0,-87.0,-42.0,-42.0,-73.0,-87.0,-88.0,-93.0,-83.0,-81.0,-86.0,-84.0,-81.0,-72.56686240103313,-79.0
20,16,-79.0,-77.0,-45.5,-68.0,-92.0,-42.0,-40.0,-80.0,-92.0,-91.0,-83.0,-91.0,-87.0,-89.0,-81.5,-90.0,-74.64871063167945,-79.0
20,17,-79.0,-77.0,-55.0,-67.0,-88.0,-55.0,-54.0,-79.0,-82.0,-82.0,-86.0,-84.0,-86.0,-87.0,-83.0,-86.0,-75.29714517647031,-88.0
20,18,-71.0,-70.0,-57.0,-68.0,-80.0,-56.5,-56.5,-66.0,-80.0,-83.0,-85.0,-82.0,-84.5,-78.0,-82.0,-83.0,-74.0,-82.5
20,19,-87.0,-75.5,-62.0,-68.0,-79.0,-54.0,-61.0,-80.0,-77.0,-79.0,-85.0,-82.0,-84.0,-81.0,-84.0,-83.0,-74.0,-82.0
21,1,-87.0,-88.5,-62.0,-83.0,-87.6459998932884,-63.0,-61.0,-53.0,-90.22436394731648,-88.95624906333612,-86.0,-96.0,-86.73036816795742,-52.0,-83.0,-88.5,-62.0,-82.0
21,2,-80.0,-81.0,-56.0,-84.0,-86.0,-54.0,-54.0,-52.5,-90.4654646267238,-89.51413346151591,-87.0,-87.0,-87.0,-49.5,-84.0,-87.0,-62.0,-88.0
21,3,-82.0,-85.0,-55.0,-82.0,-87.95195486419493,-55.0,-57.0,-50.0,-90.03840794430535,-88.92329906194496,-93.0,-93.0,-97.0,-43.0,-76.0,-86.0,-63.0,-77.0
21,4,-86.0,-82.0,-49.5,-83.0,-87.0,-54.0,-48.0,-42.0,-95.0,-92.0,-96.5,-85.5,-87.0,-51.0,-79.0,-87.0,-58.0,-89.0
21,5,-90.0,-89.0,-57.0,-84.0,-94.0,-55.0,-55.0,-37.0,-94.0,-88.56403864054843,-87.0,-85.0,-85.0,-49.0,-78.0,-86.0,-66.0,-81.5
21,6,-81.0,-78.5,-47.0,-83.0,-94.0,-53.0,-52.0,-45.0,-94.0,-88.61791221653809,-93.0,-88.0,-85.5,-42.0,-80.5,-84.5,-60.0,-78.0
21,7,-86.0,-84.0,-50.0,-84.0,-88.68492725404587,-47.0,-46.5,-36.0,-88.0,-91.0,-86.0,-84.0,-93.0,-49.0,-77.0,-96.0,-65.0,-78.0
21,8,-86.0,-83.0,-56.0,-80.0,-90.5,-56.0,-54.0,-48.0,-88.5,-84.0,-88.0,-84.0,-84.0,-60.0,-83.0,-85.0,-62.0,-83.0
21,9,-75.0,-78.0,-57.0,-63.0,-80.0,-56.0,-56.0,-81.0,-81.0,-81.0,-90.0,-79.0,-78.0,-75.0,-78.0,-88.0,-67.0,-83.0
21,10,-57.0,-54.0,-52.0,-66.0,-81.0,-51.0,-53.0,-77.0,-79.0,-81.0,-82.5,-77.0,-81.0,-78.0,-82.0,-73.0,-69.0,-63.0
21,11,-49.0,-50.0,-55.0,-64.5,-83.0,-53.0,-51.0,-78.0,-83.0,-81.0,-76.5,-78.0,-78.0,-78.0,-84.0,-70.0,-73.0,-82.0
21,12,-51.0,-49.0,-57.0,-71.0,-89.0,-61.0,-59.5,-73.0,-83.0,-86.0,-71.0,-78.0,-77.0,-73.0,-83.0,-71.0,-61.0,-83.0
21,13,-79.0,-78.5,-53.0,-78.0,-89.0,-53.0,-53.0,-73.0,-84.0,-89.0,-87.5,-87.0,-86.0,-82.0,-87.0,-86.0,-66.80999910948701,-85.5
21,14,-74.0,-83.0,-41.0,-65.0,-86.0,-41.0,-41.0,-72.0,-86.0,-79.0,-87.0,-82.0,-83.0,-75.5,-80.0,-82.0,-68.9558557518787,-79.5
21,15,-81.0,-77.0,-45.5,-68.0,-83.0,-44.5,-44.0,-76.0,-85.0,-90.0,-84.0,-88.0,-83.5,-80.5,-82.0,-82.0,-70.92090525023491,-80.0
21,16,-77.0,-76.0,-46.0,-68.0,-90.0,-45.0,-46.0,-77.0,-88.0,-78.0,-93.0,-90.0,-86.0,-84.0,-90.0,-88.5,-72.68013038523873,-88.0
21,17,-77.5,-77.0,-53.0,-73.0,-84.0,-51.0,-51.0,-84.0,-83.0,-85.29599289891297,-95.0,-86.0,-92.0,-83.0,-91.5,-84.5,-74.53815997854281,-85.5
21,18,-72.5,-71.0,-56.0,-66.0,-83.0,-55.0,-55.0,-84.0,-82.0,-85.0,-84.0,-86.0,-86.5,-86.0,-93.0,-86.5,-80.5,-81.0
21,19,-76.0,-83.0,-51.0,-66.0,-95.0,-51.0,-49.0,-79.5,-84.0,-96.0,-84.0,-83.0,-85.0,-81.0,-82.0,-81.0,-78.0,-81.0
22,1,-82.0,-83.0,-63.5,-84.0,-93.0,-64.0,-62.5,-51.0,-91.0,-89.52199621980998,-86.0,-83.5,-88.0,-58.5,-84.0,-87.0,-57.0,-88.0
22,2,-85.0,-83.5,-54.0,-85.0,-88.74883442382958,-55.0,-55.0,-50.0,-96.0,-96.0,-86.0,-91.5,-89.0,-44.5,-87.0,-90.0,-60.0,-85.0
22,3,-85.0,-80.5,-49.0,-83.0,-88.88644740316991,-50.0,-48.0,-51.0,-89.95436196550328,-89.01050419585542,-92.0,-95.0,-94.0,-49.0,-81.0,-93.0,-58.0,-90.0
22,4,-91.5,-87.5,-55.0,-84.0,-88.0,-53.5,-56.0,-45.0,-86.0,-87.0,-88.0,-90.0,-88.5,-47.0,-77.0,-87.0,-55.0,-81.5
22,5,-84.0,-83.0,-46.0,-83.5,-89.21873943312615,-46.0,-45.0,-47.0,-89.21617445741283,-88.77656424279698,-96.0,-95.0,-95.0,-40.0,-82.0,-95.0,-59.0,-77.0
22,6,-84.0,-85.0,-51.0,-85.0,-92.0,-50.0,-49.5,-45.5,-87.0,-94.0,-77.0,-82.5,-82.5,-46.0,-79.0,-83.5,-57.0,-78.5
22,7,-86.0,-86.0,-48.0,-82.0,-89.29602810072335,-45.0,-48.0,-44.0,-95.0,-91.0,-86.0,-86.0,-87.0,-58.0,-80.0,-96.0,-60.0,-81.0
22,8,-82.0,-81.0,-42.0,-79.0,-98.0,-41.0,-42.0,-49.0,-95.0,-90.0,-87.0,-83.0,-80.5,-59.0,-77.0,-83.0,-64.0,-76.0
22,9,-58.0,-62.0,-61.0,-58.0,-98.0,-55.0,-61.0,-76.0,-95.0,-97.0,-84.0,-84.0,-79.0,-87.0,-78.0,-81.0,-62.0,-79.0
22,10,-66.0,-61.0,-48.0,-62.0,-87.0,-48.0,-47.0,-85.0,-95.0,-97.0,-79.0,-76.0,-83.0,-84.0,-83.0,-76.0,-77.0,-85.0
22,11,-52.0,-50.5,-53.0,-55.0,-98.0,-52.0,-52.0,-82.0,-95.0,-97.0,-79.0,-79.0,-79.0,-81.0,-82.0,-78.0,-78.0,-85.0
22,12,-59.0,-63.0,-53.0,-58.5,-80.0,-54.0,-52.0,-69.0,-81.0,-81.0,-80.0,-78.5,-83.0,-79.0,-65.0,-78.0,-67.0,-73.0
22,13,-80.0,-75.0,-50.0,-75.0,-91.0,-49.0,-49.0,-75.0,-92.0,-92.0,-85.0,-74.0,-72.0,-72.0,-82.0,-71.0,-67.86374431576223,-83.0
22,14,-78.0,-78.5,-45.0,-73.0,-78.0,-40.0,-39.0,-69.0,-72.5,-75.0,-85.5,-86.0,-86.0,-75.0,-76.0,-87.0,-69.17577470191509,-75.0
22,15,-72.0,-69.0,-46.0,-64.5,-86.0,-47.0,-47.0,-85.0,-86.0,-86.0,-82.0,-87.0,-87.0,-77.5,-87.0,-91.0,-70.64915834828487,-86.5
22,16,-75.0,-72.0,-48.0,-66.5,-82.0,-51.5,-49.0,-76.0,-83.0,-82.5,-86.0,-84.0,-85.5,-84.0,-77.0,-81.0,-72.19106589364466,-77.0
22,17,-80.0,-77.0,-57.0,-72.0,-87.0,-54.0,-53.0,-84.0,-87.0,-93.0,-86.0,-86.0,-95.0,-78.0,-88.0,-95.0,-74.03709125158662,-89.0
22,18,-72.0,-67.0,-51.0,-64.0,-90.5,-52.0,-50.0,-83.0,-88.0,-90.0,-83.0,-84.0,-85.0,-75.0,-83.0,-82.0,-78.0,-92.0
22,19,-80.0,-81.0,-51.0,-73.0,-92.0,-51.0,-51.0,-77.5,-83.0,-85.0,-85.0,-84.0,-86.0,-82.5,-77.0,-84.0,-77.0,-82.0
23,1,-77.0,-79.5,-54.5,-81.5,-87.0,-53.0,-52.5,-57.0,-94.0,-87.0,-75.0,-79.5,-77.0,-59.0,-87.0,-77.0,-56.0,-88.0
23,2,-83.0,-82.5,-55.5,-83.0,-89.38603231737343,-56.0,-54.0,-48.0,-96.0,-96.0,-88.0,-88.0,-93.0,-45.0,-80.0,-89.0,-57.0,-81.0
23,3,-85.0,-82.0,-55.0,-78.0,-95.0,-54.0,-54.0,-46.0,-88.0,-87.0,-91.0,-93.0,-96.0,-45.0,-87.0,-93.0,-62.0,-89.0
23,4,-86.0,-83.0,-56.0,-83.0,-90.0,-55.0,-54.0,-50.0,-88.0,-87.0,-91.5,-94.5,-92.0,-51.0,-78.0,-95.0,-56.0,-90.0
23,5,-84.0,-85.0,-47.0,-85.0,-88.81479503846283,-47.0,-47.0,-46.0,-88.97338205196571,-88.91936303149339,-88.0,-95.0,-86.0,-48.0,-81.0,-95.0,-60.0,-80.0
23,6,-82.5,-80.0,-47.0,-83.0,-92.0,-54.0,-43.0,-51.0,-88.0,-94.0,-87.0,-91.0,-93.0,-47.0,-86.0,-94.0,-71.0,-83.0
23,7,-83.0,-80.0,-46.0,-76.5,-88.60368327558685,-46.0,-46.0,-49.0,-95.0,-91.0,-91.0,-84.0,-84.0,-55.5,-74.0,-86.0,-62.5,-73.0
23,8,-84.0,-83.0,-45.0,-79.0,-93.0,-46.0,-46.0,-60.0,-89.0,-90.0,-83.0,-90.0,-79.0,-56.5,-73.0,-81.0,-69.0,-81.0
23,9,-64.0,-62.5,-53.0,-63.0,-90.0,-53.0,-62.0,-71.0,-95.0,-85.0,-85.0,-77.0,-82.0,-77.0,-71.0,-79.0,-76.0,-85.0
23,10,-83.0,-70.0,-55.0,-54.0,-90.0,-54.0,-52.0,-64.0,-91.0,-91.0,-81.0,-82.0,-86.0,-75.0,-64.0,-86.0,-70.0,-63.0
23,11,-59.5,-57.0,-54.0,-55.0,-82.0,-55.0,-53.0,-85.0,-91.0,-79.5,-97.0,-83.0,-87.0,-82.0,-83.0,-82.0,-71.0,-83.0
23,12,-61.5,-58.5,-52.0,-56.0,-82.0,-52.0,-49.0,-75.5,-81.0,-85.14574510007729,-82.0,-77.0,-76.0,-82.0,-81.0,-80.0,-65.0,-87.0
23,13,-78.0,-78.0,-63.0,-78.0,-86.0,-63.5,-59.0,-86.0,-84.0,-84.0,-86.0,-87.0,-87.5,-81.5,-89.0,-85.0,-68.59368683737198,-89.0
23,14,-70.5,-67.0,-49.0,-69.5,-72.0,-51.0,-49.0,-70.0,-82.5,-76.0,-83.0,-79.0,-84.0,-84.0,-87.0,-80.0,-69.714085254307,-91.0
23,15,-75.5,-73.0,-50.0,-66.0,-83.0,-49.0,-50.0,-75.0,-85.0,-85.0,-87.0,-84.0,-84.0,-81.0,-87.5,-83.5,-70.9190177180256,-87.5
23,16,-73.0,-73.0,-50.0,-65.0,-78.5,-52.0,-50.0,-75.5,-76.0,-85.0,-78.5,-84.5,-85.5,-88.0,-84.0,-82.0,-72.2025542605414,-83.0
23,17,-74.0,-72.0,-51.0,-70.0,-95.0,-53.0,-52.5,-79.0,-90.0,-80.0,-82.0,-84.0,-81.0,-81.0,-90.5,-82.0,-73.51880519994249,-89.5
23,18,-71.5,-75.0,-51.0,-67.0,-86.0,-51.0,-52.0,-77.0,-82.0,-81.5,-81.0,-81.0,-84.0,-75.5,-88.0,-84.0,-73.0,-88.0
23,19,-77.0,-77.0,-58.0,-70.0,-84.0,-58.0,-57.0,-84.5,-89.0,-82.0,-81.0,-88.0,-87.0,-84.0,-91.0,-87.5,-79.0,-89.0
24,1,-65.0,-63.0,-67.5,-73.0,-90.0,-60.0,-67.0,-57.0,-88.0,-91.0,-92.0,-84.0,-84.0,-76.0,-93.0,-82.0,-57.0,-88.0
24,2,-79.0,-77.5,-56.0,-86.0,-94.0,-60.0,-61.5,-61.0,-93.0,-89.0,-87.0,-85.0,-86.0,-56.5,-86.0,-84.0,-51.0,-88.0
24,3,-79.5,-82.0,-53.0,-77.0,-88.0,-54.0,-53.5,-68.0,-98.0,-82.0,-97.0,-84.0,-85.0,-53.0,-92.5,-81.0,-48.0,-93.0
24,4,-74.0,-75.0,-54.5,-72.5,-87.0,-54.0,-54.0,-61.0,-84.0,-92.0,-99.0,-85.0,-84.0,-55.0,-87.0,-82.0,-49.5,-86.0
24,5,-83.0,-79.0,-59.0,-78.0,-88.30842723553788,-51.0,-50.0,-62.0,-93.5,-94.0,-98.0,-92.0,-85.0,-54.5,-85.0,-91.0,-53.5,-82.0
24,6,-81.0,-77.0,-58.5,-74.0,-88.19804130643205,-43.0,-41.0,-63.5,-90.0,-88.08064162322484,-85.0,-81.0,-84.0,-59.0,-91.0,-85.0,-52.0,-90.0
24,7,-78.5,-80.0,-46.0,-75.0,-85.0,-43.0,-45.5,-65.0,-88.08556830889566,-85.0,-93.0,-88.0,-82.0,-59.0,-83.0,-82.0,-54.0,-88.0
24,8,-78.0,-79.0,-43.0,-83.0,-88.0,-51.0,-43.0,-70.0,-80.0,-81.0,-93.0,-83.0,-83.0,-64.0,-85.0,-85.0,-58.0,-89.5
24,9,-76.0,-74.0,-58.5,-57.5,-80.0,-59.5,-58.5,-69.0,-79.0,-80.0,-85.0,-87.0,-86.0,-82.0,-71.5,-86.0,-68.0,-72.5
24,10,-74.0,-73.0,-60.0,-57.0,-93.0,-55.0,-58.0,-84.0,-81.0,-83.0,-85.0,-90.0,-85.0,-82.0,-74.0,-84.0,-67.0,-72.0
24,11,-66.0,-64.0,-58.0,-51.5,-83.0,-59.0,-57.0,-71.0,-86.0,-84.0,-78.0,-88.0,-88.0,-79.0,-69.0,-79.0,-67.0,-69.5
24,12,-71.0,-73.0,-50.0,-52.0,-83.0,-50.0,-53.0,-63.0,-86.28947754298305,-84.0,-92.0,-82.0,-83.0,-85.0,-86.0,-88.0,-71.0,-86.0
24,13,-70.0,-71.5,-66.0,-76.5,-86.0,-65.0,-59.0,-83.0,-84.0,-84.0,-86.0,-81.0,-80.5,-84.0,-92.0,-81.0,-69.65487114700281,-91.0
24,14,-69.5,-68.0,-47.5,-67.0,-73.0,-47.5,-47.5,-71.0,-79.0,-84.5,-76.0,-81.0,-81.0,-83.0,-81.0,-81.5,-70.51732821826538,-83.0
24,15,-72.5,-70.5,-48.0,-69.0,-86.0,-47.0,-44.0,-64.0,-83.0,-85.0,-76.0,-80.0,-79.0,-78.0,-80.0,-77.0,-71.56251768164968,-80.0
24,16,-69.5,-71.0,-55.0,-64.0,-73.0,-56.0,-56.0,-89.0,-73.0,-73.0,-79.0,-87.0,-86.0,-83.0,-83.0,-82.0,-72.60681582106717,-84.0
24,17,-68.0,-67.5,-44.0,-68.0,-77.0,-44.0,-43.0,-77.0,-77.0,-77.0,-76.0,-79.0,-80.0,-81.0,-83.0,-82.0,-73.5912449935549,-83.0
24,18,-76.0,-76.5,-57.0,-68.0,-81.0,-58.0,-56.0,-80.0,-79.0,-81.0,-82.0,-82.0,-84.0,-81.0,-89.0,-84.0,-75.0,-92.0
24,19,-78.0,-76.0,-51.0,-72.5,-83.0,-50.0,-50.0,-83.0,-83.5,-92.0,-80.0,-86.0,-86.0,-82.0,-88.0,-83.0,-80.0,-89.0
25,1,-83.0,-83.0,-64.0,-83.0,-93.0,-62.0,-65.0,-67.0,-95.0,-88.55173549963195,-88.07389834863898,-89.0,-87.0,-64.0,-89.0,-88.0,-55.0,-88.0
25,2,-82.0,-81.0,-53.0,-83.0,-82.0,-56.0,-56.0,-61.5,-87.0,-86.0,-89.27799650895335,-86.0,-86.0,-53.5,-89.5,-89.0,-55.5,-87.0
25,3,-80.5,-79.0,-60.0,-80.0,-90.0,-59.0,-54.0,-60.0,-88.0,-90.0,-99.0,-91.0,-85.0,-49.0,-91.0,-85.0,-53.0,-89.0
25,4,-80.0,-80.5,-59.0,-84.0,-89.0,-56.0,-55.0,-73.0,-83.0,-84.0,-97.0,-85.0,-86.0,-52.0,-88.0,-82.0,-53.0,-86.0
25,5,-81.0,-80.0,-51.0,-77.0,-89.0,-49.0,-45.0,-66.0,-89.0,-89.0,-98.0,-83.0,-84.0,-49.0,-93.0,-83.5,-59.0,-95.0
25,6,-82.0,-83.0,-42.0,-77.0,-91.0,-45.0,-41.0,-59.0,-89.0,-85.0,-86.93526759103214,-86.0,-85.5,-56.0,-91.0,-88.0,-55.0,-86.0
25,7,-78.0,-77.0,-49.0,-66.0,-87.29711714173501,-52.0,-52.0,-68.0,-87.63334167293738,-86.37585829771588,-81.0,-80.5,-82.0,-58.0,-89.0,-80.0,-51.0,-87.0
25,8,-76.0,-74.0,-41.0,-78.0,-82.0,-37.0,-61.0,-60.0,-82.0,-78.0,-85.51691000232096,-85.0,-86.0,-68.0,-82.0,-86.0,-66.0,-81.0
25,9,-64.5,-64.0,-60.0,-56.0,-83.0,-57.0,-55.0,-75.0,-86.32260647873053,-85.17080710968045,-87.0,-83.0,-84.0,-71.0,-85.0,-90.0,-68.0,-85.0
25,10,-68.0,-66.0,-55.0,-51.0,-86.49107583039174,-55.0,-55.0,-83.0,-87.01282227518935,-85.57797479580687,-87.0,-84.0,-83.0,-85.0,-86.0,-84.0,-72.0,-85.0
25,11,-69.0,-68.0,-50.0,-52.0,-83.0,-53.0,-49.0,-73.0,-85.0,-84.0,-83.0,-88.0,-89.0,-79.0,-87.0,-86.0,-68.0,-85.0
25,12,-64.5,-66.5,-52.0,-50.0,-91.0,-53.0,-52.0,-79.0,-92.0,-84.5,-84.0,-86.0,-85.0,-85.0,-84.0,-81.0,-70.0,-87.0
25,13,-67.5,-67.5,-50.0,-70.0,-96.0,-51.0,-50.0,-74.0,-86.0,-87.0,-76.0,-72.0,-74.0,-83.0,-84.0,-73.0,-70.85340981818501,-90.0
25,14,-69.0,-76.0,-41.0,-65.0,-84.0,-42.0,-41.0,-77.0,-83.0,-84.0,-83.0,-77.0,-77.0,-83.0,-80.0,-78.0,-71.64840146568594,-82.0
25,15,-62.5,-62.0,-45.0,-65.0,-84.0,-45.0,-44.0,-86.0,-79.5,-83.0,-77.0,-84.5,-81.0,-76.0,-92.0,-81.0,-72.65026756240381,-93.0
25,16,-67.0,-68.0,-59.0,-67.0,-85.0,-60.0,-57.0,-78.0,-83.0,-81.5,-79.0,-80.0,-80.0,-88.0,-87.0,-83.0,-73.53160119651315,-89.0
25,17,-72.0,-71.0,-54.5,-70.0,-86.0,-57.0,-54.0,-75.5,-86.0,-85.0,-75.0,-81.0,-76.0,-83.5,-86.5,-80.0,-73.90917681750365,-83.0
25,18,-73.0,-73.0,-56.5,-69.0,-82.0,-54.5,-54.0,-84.0,-85.0,-84.0,-76.5,-82.0,-79.5,-81.0,-95.0,-80.5,-71.5,-92.0
25,19,-72.0,-73.0,-57.0,-69.0,-84.0,-56.0,-55.0,-85.0,-85.0,-85.0,-74.0,-80.0,-80.0,-89.0,-89.5,-80.0,-74.0,-91.0
26,1,-83.0,-81.0,-59.0,-81.0,-85.0,-58.0,-59.5,-59.0,-86.0,-91.0,-87.0,-92.5,-87.0,-57.5,-87.0,-84.0,-54.0,-86.0
26,2,-80.0,-81.0,-56.0,-76.0,-90.0,-56.0,-55.0,-69.0,-91.0,-90.0,-97.0,-92.0,-92.0,-55.0,-86.0,-89.0,-49.0,-85.0
26,3,-80.0,-78.0,-45.0,-84.0,-93.0,-52.0,-50.0,-63.0,-95.0,-90.0,-90.0,-90.0,-88.0,-57.0,-88.0,-85.0,-52.0,-92.0
26,4,-81.0,-78.0,-51.0,-79.0,-88.16962217568432,-53.0,-50.0,-61.0,-94.0,-94.0,-84.0,-89.0,-85.0,-54.0,-87.0,-88.0,-52.0,-89.5
26,5,-75.0,-76.0,-46.0,-73.0,-83.0,-47.0,-47.0,-59.0,-78.0,-82.0,-86.51673828488359,-83.0,-82.0,-56.0,-84.0,-82.0,-47.0,-87.0
26,6,-74.0,-74.0,-41.0,-70.0,-87.51282653282206,-42.0,-42.0,-76.0,-88.15554000364267,-84.0,-88.0,-86.0,-85.0,-57.0,-95.0,-89.0,-53.0,-86.0
26,7,-74.5,-73.0,-55.0,-70.0,-91.0,-63.0,-50.0,-73.0,-93.0,-93.0,-82.0,-86.0,-81.0,-68.0,-88.0,-81.0,-51.0,-88.0
26,8,-78.0,-77.5,-35.0,-68.0,-86.64882482803107,-34.0,-33.0,-63.0,-79.0,-76.0,-84.06112113431061,-86.0,-79.0,-60.0,-91.0,-80.0,-61.5,-91.0
26,9,-73.5,-72.0,-60.0,-47.0,-85.5,-61.0,-62.0,-81.0,-84.0,-85.0,-82.0,-86.0,-84.0,-85.5,-85.0,-86.0,-79.0,-88.0
26,10,-74.5,-72.0,-59.0,-59.0,-89.0,-58.5,-57.5,-65.5,-93.0,-89.0,-80.0,-88.5,-87.5,-84.0,-79.0,-83.0,-73.0,-85.0
26,11,-67.0,-65.0,-58.0,-59.0,-87.0,-58.0,-58.0,-84.0,-95.0,-84.0,-83.0,-82.0,-82.0,-83.0,-83.0,-87.0,-73.0,-84.0
26,12,-71.0,-69.0,-55.0,-51.0,-84.5,-57.0,-57.0,-80.0,-86.0,-83.0,-87.0,-81.0,-79.0,-72.0,-84.0,-80.0,-81.0,-89.0
26,13,-67.0,-60.0,-55.0,-73.0,-90.0,-55.0,-52.0,-84.0,-89.0,-90.0,-81.0,-78.0,-77.0,-84.0,-86.0,-76.0,-72.56583366134095,-87.0
26,14,-73.0,-70.0,-51.0,-73.0,-82.0,-54.0,-55.0,-83.0,-82.0,-82.0,-75.0,-79.0,-80.0,-84.0,-87.5,-79.5,-73.24933247318872,-88.0
26,15,-69.0,-68.0,-51.0,-68.0,-89.5,-52.0,-50.0,-75.0,-89.0,-89.0,-78.0,-82.0,-81.0,-83.0,-95.0,-81.0,-74.42243643864339,-97.0
26,16,-68.0,-67.0,-52.5,-70.0,-85.0,-53.0,-52.0,-78.0,-84.0,-86.0,-77.0,-78.5,-78.5,-83.0,-86.0,-77.0,-75.64153321769085,-87.0
26,17,-75.0,-71.0,-55.0,-67.0,-90.0,-56.0,-59.0,-83.0,-88.0,-86.0,-79.5,-78.0,-78.0,-84.0,-86.0,-79.5,-75.28038515423944,-86.0
26,18,-70.0,-68.0,-52.0,-64.0,-83.0,-52.0,-52.0,-90.0,-90.0,-88.0,-86.0,-85.5,-85.0,-82.5,-87.5,-85.0,-75.02702154727083,-87.0
26,19,-71.5,-70.5,-58.0,-74.0,-84.0,-59.0,-57.0,-74.5,-86.0,-87.0,-84.0,-85.0,-84.0,-94.0,-91.0,-82.0,-75.02394185029105,-87.0
27,1,-77.0,-76.0,-68.0,-82.0,-88.11000102649363,-67.5,-65.0,-69.0,-92.0,-87.31683740811016,-89.0,-83.0,-81.0,-56.5,-96.0,-82.0,-47.0,-96.0
27,2,-76.0,-75.0,-59.0,-79.0,-89.0,-60.0,-61.0,-70.0,-86.5,-86.0,-87.0,-82.0,-86.0,-56.0,-96.0,-83.0,-37.0,-96.0
27,3,-75.0,-74.0,-62.0,-76.0,-85.0,-61.0,-59.0,-69.0,-87.5,-86.0,-80.5,-76.0,-75.0,-61.5,-88.0,-75.0,-40.0,-87.0
27,4,-67.0,-68.0,-58.0,-76.0,-92.0,-68.0,-58.0,-67.0,-94.0,-94.0,-82.0,-82.0,-81.0,-72.5,-96.0,-84.0,-41.0,-96.0
27,5,-69.0,-69.5,-56.0,-82.0,-81.0,-59.0,-60.0,-75.0,-93.0,-95.0,-83.0,-82.5,-80.0,-66.0,-93.0,-83.5,-42.0,-95.0
27,6,-77.0,-72.5,-51.0,-70.0,-90.0,-51.0,-56.0,-71.0,-90.0,-92.0,-73.0,-71.5,-72.0,-67.0,-95.0,-72.0,-46.0,-85.0
27,7,-62.5,-64.0,-54.0,-69.0,-81.0,-54.0,-53.0,-69.0,-85.0,-93.0,-74.5,-75.0,-72.5,-68.0,-97.0,-72.0,-52.0,-85.0
27,8,-52.0,-54.0,-48.0,-69.0,-83.5,-50.0,-47.0,-75.0,-85.0,-87.0,-78.0,-72.0,-69.0,-70.5,-86.0,-69.0,-49.0,-86.26853039059984
27,9,-73.0,-73.0,-57.0,-56.0,-91.0,-58.0,-57.0,-87.0,-91.0,-90.0,-87.0,-84.0,-83.0,-68.0,-84.0,-82.0,-82.0,-84.5
27,10,-68.0,-68.0,-47.0,-46.0,-86.0,-48.0,-46.0,-75.0,-91.0,-87.0,-80.0,-84.0,-89.0,-68.0,-81.5,-83.0,-74.0,-83.5
27,11,-68.0,-65.0,-53.0,-46.0,-80.0,-53.0,-54.0,-72.0,-82.0,-80.0,-79.0,-80.5,-81.0,-69.5,-82.0,-84.0,-77.0,-85.5
27,12,-72.0,-71.0,-52.0,-43.0,-84.0,-52.0,-51.0,-82.0,-89.0,-84.0,-87.0,-85.0,-84.0,-87.0,-85.0,-84.0,-72.0,-90.0
27,13,-47.5,-48.0,-70.0,-65.0,-89.0,-68.5,-69.0,-91.0,-90.5,-88.0,-85.5,-85.5,-86.5,-89.5,-96.0,-86.5,-75.5,-95.0
27,14,-56.5,-51.0,-65.0,-69.5,-85.5,-63.0,-66.0,-91.0,-85.0,-86.5,-86.5,-91.5,-89.5,-93.0,-96.0,-92.5,-77.5,-95.0
27,15,-67.0,-64.0,-51.0,-66.0,-88.0,-51.0,-51.0,-85.5,-89.0,-88.5,-92.0,-88.0,-88.0,-90.5,-93.0,-86.0,-77.0,-98.0
27,16,-70.0,-68.5,-56.0,-68.5,-89.5,-57.5,-56.0,-82.0,-89.0,-89.0,-98.0,-89.5,-89.0,-95.0,-94.0,-89.0,-87.0,-96.0
27,17,-69.0,-68.0,-59.5,-62.0,-82.5,-57.5,-57.5,-82.5,-82.0,-85.5,-86.99226320571806,-88.5,-91.5,-92.0,-92.5,-89.5,-73.5,-93.0
27,18,-68.5,-73.0,-68.0,-66.5,-82.0,-67.0,-65.0,-90.5,-81.5,-81.0,-90.0,-93.0,-92.0,-92.5,-91.0,-90.0,-75.5,-92.0
27,19,-70.5,-68.5,-63.5,-67.0,-84.5,-64.0,-64.5,-80.0,-81.0,-81.0,-93.0,-96.0,-94.0,-88.5,-91.0,-92.5,-73.5,-96.0
28,1,-72.0,-68.0,-63.0,-80.0,-88.27789995800367,-63.0,-61.0,-64.0,-89.40380721608553,-80.0,-83.0,-76.5,-77.0,-71.5,-88.0,-76.0,-47.0,-89.0
28,2,-72.0,-71.0,-58.5,-76.0,-89.0,-57.0,-57.5,-68.0,-90.0,-84.0,-85.0,-75.0,-76.0,-60.0,-94.0,-74.0,-32.5,-94.0
28,3,-76.0,-73.0,-57.0,-81.0,-90.0,-56.0,-56.0,-75.0,-96.0,-92.0,-85.0,-81.0,-85.0,-61.0,-86.0,-83.0,-36.0,-88.0
28,4,-77.0,-75.5,-59.0,-80.0,-96.0,-58.0,-56.0,-71.0,-95.0,-88.86682283993035,-88.0,-81.0,-80.0,-70.5,-86.0,-77.0,-44.0,-86.0
28,5,-69.0,-70.0,-53.0,-73.0,-84.0,-54.0,-54.0,-68.0,-89.0,-87.0,-86.0,-75.0,-76.0,-68.5,-93.0,-75.0,-41.5,-95.0
28,6,-66.5,-69.0,-51.0,-70.0,-85.0,-53.0,-50.0,-72.5,-87.0,-86.0,-80.0,-75.0,-78.0,-66.5,-86.0,-74.0,-42.5,-85.0
28,7,-74.0,-69.0,-64.0,-67.0,-94.0,-63.0,-60.0,-70.0,-91.0,-88.0,-78.0,-77.0,-78.0,-75.5,-81.0,-78.0,-54.5,-84.0
28,8,-63.5,-62.0,-51.0,-73.0,-91.0,-52.5,-50.5,-77.5,-90.0,-92.0,-80.0,-64.0,-64.5,-75.5,-86.5746036991253,-74.0,-46.0,-86.92232993365947
28,9,-81.0,-83.0,-59.5,-50.0,-86.5,-60.0,-59.5,-70.0,-90.0,-86.0,-85.5,-84.0,-83.0,-70.0,-82.0,-81.0,-81.0,-84.0
28,10,-74.0,-73.0,-48.0,-45.0,-90.0,-49.0,-49.0,-73.0,-90.0,-91.0,-88.0,-88.0,-84.0,-79.0,-85.0,-83.5,-78.0,-87.0
28,11,-67.0,-68.0,-52.0,-45.0,-86.0,-52.0,-49.0,-72.0,-86.0,-85.0,-81.0,-80.0,-85.0,-71.0,-84.5,-85.0,-71.0,-84.5
28,12,-67.0,-66.0,-56.0,-44.0,-87.0,-58.0,-57.0,-71.0,-85.0,-83.0,-81.0,-79.0,-78.0,-86.0,-84.0,-80.0,-83.0,-87.0
28,13,-64.0,-64.0,-70.0,-67.5,-84.0,-69.5,-69.5,-88.0,-82.5,-85.0,-87.5,-87.0,-87.0,-88.5,-96.0,-87.0,-72.0,-95.0
28,14,-49.5,-52.0,-66.5,-64.5,-81.0,-68.0,-66.5,-87.0,-86.0,-83.0,-92.0,-92.0,-86.0,-88.0,-89.91124293683403,-87.0,-73.0,-90.5337431034252
28,15,-58.0,-59.0,-53.0,-68.0,-85.0,-52.0,-51.0,-87.5,-82.5,-83.0,-92.0,-88.5,-90.0,-88.0,-93.0,-86.0,-78.5,-98.0
28,16,-71.0,-68.0,-60.5,-71.0,-85.0,-62.0,-59.5,-88.5,-85.5,-84.0,-92.5,-90.5,-88.5,-95.0,-94.0,-89.0,-84.5,-96.0
28,17,-69.5,-72.0,-54.0,-60.0,-80.0,-53.5,-52.0,-84.0,-82.0,-79.0,-90.0,-92.5,-89.5,-95.0,-94.0,-92.5,-83.5,-94.0
28,18,-74.0,-72.5,-65.0,-62.5,-89.0,-64.0,-60.5,-88.5,-87.0,-87.0,-91.0,-91.5,-93.0,-90.0,-90.13422899286135,-92.0,-84.5,-91.20268560780384
28,19,-73.0,-71.5,-62.0,-67.0,-82.5,-61.0,-60.5,-83.0,-82.0,-81.5,-88.0,-94.0,-91.0,-88.0,-91.0,-97.0,-82.5,-96.0
29,1,-72.5,-70.5,-62.5,-76.0,-88.5017814097514,-62.5,-63.0,-69.0,-88.85934572549702,-87.16354148895466,-80.0,-77.0,-81.0,-74.5,-95.0,-75.0,-43.0,-89.0
29,2,-71.0,-69.0,-55.0,-78.5,-86.0,-56.0,-59.0,-74.0,-87.0,-86.5,-82.0,-80.0,-80.0,-69.0,-83.0,-77.0,-42.0,-85.0
29,3,-70.0,-72.0,-65.0,-76.0,-91.0,-57.0,-64.0,-69.0,-93.0,-93.0,-86.0,-74.0,-73.0,-64.0,-90.0,-74.0,-44.0,-90.0
29,4,-73.0,-70.0,-57.0,-73.5,-86.0,-57.0,-58.0,-74.0,-86.0,-88.9018360480555,-87.0,-73.0,-73.0,-74.0,-83.5,-73.0,-39.0,-86.0
29,5,-70.0,-70.0,-54.0,-70.0,-89.0,-54.0,-46.0,-65.0,-89.0,-87.0,-77.0,-67.0,-70.0,-71.5,-82.0,-66.0,-45.5,-94.0
29,6,-73.0,-71.0,-58.0,-76.0,-87.24425579190537,-59.0,-60.0,-74.0,-88.35494783174002,-87.76690777363692,-84.0,-84.0,-82.0,-70.5,-94.0,-81.0,-49.0,-93.0
29,7,-63.0,-64.0,-54.0,-64.0,-90.0,-54.0,-53.0,-65.0,-88.5,-89.0,-81.0,-78.0,-77.0,-73.0,-87.0,-79.0,-49.0,-88.0
29,8,-62.5,-62.0,-49.0,-65.0,-85.0,-50.0,-49.0,-80.0,-84.0,-83.0,-77.0,-74.0,-74.0,-72.5,-93.0,-73.0,-47.0,-95.0
29,9,-71.5,-71.5,-56.5,-48.0,-89.0,-55.5,-56.0,-77.0,-87.0,-90.0,-88.0,-82.0,-86.0,-85.0,-90.0,-83.0,-76.0,-88.0
29,10,-66.0,-67.0,-46.0,-52.0,-88.0,-50.0,-49.0,-84.0,-84.0,-83.0,-84.0,-83.0,-81.0,-89.0,-85.0,-81.0,-70.0,-91.0
29,11,-69.0,-68.5,-47.0,-47.0,-88.0,-51.0,-50.0,-78.0,-89.0,-81.0,-91.0,-82.0,-83.0,-81.0,-84.5,-83.0,-77.0,-87.5
29,12,-70.0,-69.0,-55.0,-51.0,-84.0,-54.0,-53.0,-82.0,-88.5,-80.0,-82.0,-82.0,-83.0,-85.0,-83.0,-84.0,-76.0,-83.0
29,13,-65.0,-64.5,-63.5,-67.0,-88.0,-64.5,-64.5,-91.0,-87.0,-89.5,-91.0,-89.0,-87.0,-80.0,-94.0,-88.5,-70.5,-94.0
29,14,-69.0,-66.5,-74.5,-63.0,-84.5,-73.5,-76.5,-82.0,-87.0,-89.5,-91.0,-82.0,-85.0,-84.0,-90.38951331117647,-81.0,-74.0,-90.34945475542025
29,15,-56.0,-56.0,-55.0,-66.5,-86.5,-55.0,-52.0,-92.5,-86.0,-86.5,-91.5,-86.0,-87.0,-86.0,-100.0,-85.0,-76.0,-95.0
29,16,-71.5,-70.0,-62.0,-61.5,-87.0,-60.5,-60.5,-87.0,-89.0,-87.0,-93.0,-91.0,-89.0,-86.9460385353073,-91.0766327624054,-91.0,-82.0,-91.28600306298387
29,17,-74.0,-75.0,-52.5,-64.0,-86.0,-52.5,-50.5,-86.0,-88.5,-87.5,-90.0,-90.5,-89.0,-90.0,-91.0,-92.5,-82.5,-91.0
29,18,-67.5,-70.5,-64.0,-65.5,-89.5,-70.0,-71.5,-91.0,-89.5,-87.5,-93.0,-89.0,-94.0,-90.0,-93.0,-90.5,-86.5,-94.0
29,19,-79.0,-75.0,-63.5,-71.5,-83.0,-61.0,-64.0,-87.0,-80.0,-83.5,-88.0,-92.5,-93.5,-88.0,-92.5,-93.5,-87.5,-94.0
30,1,-78.0,-75.5,-57.5,-82.0,-94.0,-58.0,-58.0,-67.0,-87.0,-87.0,-82.0,-78.0,-78.0,-76.0,-87.5,-78.0,-50.0,-89.54664957252952
30,2,-74.0,-73.0,-54.0,-76.0,-87.0,-54.0,-52.0,-69.0,-91.0,-95.0,-84.0,-81.0,-78.0,-66.0,-87.0,-85.5,-43.0,-87.5
30,3,-73.0,-70.0,-58.0,-77.0,-84.0,-58.0,-57.0,-69.0,-85.0,-93.0,-81.0,-77.0,-75.5,-65.5,-90.0,-75.0,-49.0,-90.0
30,4,-69.0,-69.0,-57.0,-77.0,-92.0,-61.5,-59.0,-70.0,-93.0,-93.0,-82.0,-77.0,-76.0,-73.5,-84.0,-77.0,-47.0,-84.0
30,5,-70.0,-70.0,-58.0,-76.0,-89.0,-57.0,-57.0,-65.0,-89.0,-87.0,-83.0,-72.0,-72.0,-71.0,-84.0,-70.0,-47.0,-85.0
30,6,-62.0,-62.0,-51.0,-77.0,-81.0,-50.5,-48.5,-68.0,-85.0,-88.09155221541494,-75.5,-74.0,-74.0,-73.0,-95.0,-75.0,-48.0,-83.0
30,7,-60.0,-60.0,-57.0,-65.5,-87.0,-52.0,-50.0,-71.0,-87.0,-88.0,-86.0,-79.0,-74.0,-76.0,-85.0,-74.0,-63.0,-86.0
30,8,-65.0,-65.0,-49.0,-68.0,-82.0,-50.0,-48.0,-76.0,-90.0,-86.0,-82.0,-76.0,-75.0,-83.5,-85.0,-80.0,-54.0,-85.0
30,9,-75.0,-74.0,-62.0,-44.0,-86.2270947584465,-66.0,-65.0,-84.0,-87.62815674751259,-87.09412037149255,-80.0,-83.0,-86.0,-79.0,-87.0,-84.0,-79.0,-88.0
30,10,-74.0,-73.0,-57.0,-49.0,-84.0,-60.0,-59.0,-84.0,-87.4374137835072,-86.31925946233736,-83.0,-84.0,-83.0,-87.0,-85.0,-81.0,-78.0,-86.0
30,11,-67.0,-67.0,-55.0,-48.0,-85.0,-56.0,-53.0,-77.0,-85.0,-83.0,-85.0,-78.0,-78.0,-82.0,-89.0,-76.0,-79.5,-83.5
30,12,-68.0,-70.0,-55.0,-49.0,-87.0,-56.0,-55.0,-73.0,-90.0,-88.0,-83.0,-82.0,-84.0,-87.0,-86.0,-83.0,-74.0,-83.0
30,13,-64.0,-67.5,-69.5,-68.0,-90.0,-69.5,-68.5,-85.0,-88.5,-83.0,-94.0,-87.5,-89.5,-86.0,-94.0,-86.0,-81.0,-94.0
30,14,-73.0,-72.0,-66.0,-64.0,-80.0,-66.5,-65.5,-87.0,-80.5,-81.0,-91.0,-82.0,-86.0,-80.5,-90.67075046476599,-81.0,-82.5,-90.34032290264251
30,15,-70.0,-68.5,-59.0,-66.5,-93.0,-56.5,-59.0,-87.0,-93.0,-88.0,-85.0,-89.0,-88.5,-86.0,-100.0,-92.0,-75.0,-94.0
30,16,-73.5,-77.0,-63.5,-64.5,-90.5,-65.0,-66.0,-91.0,-88.5,-87.0,-93.0,-91.0,-89.0,-95.0,-91.18263717812306,-91.0,-84.0,-91.05048748764834
30,17,-63.5,-63.5,-55.0,-67.5,-90.0,-54.5,-55.0,-88.0,-90.0,-92.0,-90.0,-87.5,-93.0,-90.0,-90.51045142908511,-91.0,-77.5,-91.20584922925222
30,18,-67.0,-67.5,-63.5,-66.0,-86.5,-65.0,-64.0,-88.0,-86.5,-86.5,-95.0,-90.5,-91.5,-91.0,-92.5,-94.5,-86.0,-95.0
30,19,-75.0,-74.0,-65.5,-63.0,-89.5,-64.0,-63.0,-87.0,-90.0,-90.5,-86.5,-92.0,-89.0,-89.5,-94.5,-90.0,-89.5,-96.0
31,1,-80.0,-80.0,-77.0,-59.0,-84.0,-76.0,-66.0,-79.0,-83.0,-80.0,-82.0,-83.0,-83.0,-79.0,-94.0,-82.0,-61.0,-97.0
31,2,-74.0,-69.0,-72.0,-75.0,-90.0,-73.0,-71.0,-78.0,-89.0,-89.0,-92.0,-86.0,-87.0,-74.0,-93.0,-87.0,-59.0,-92.0
31,3,-66.0,-65.0,-68.0,-68.0,-92.0,-68.0,-80.0,-79.0,-90.0,-91.5,-83.5,-81.0,-86.0,-78.0,-97.0,-79.0,-55.0,-95.0
31,4,-70.0,-69.0,-67.0,-75.0,-92.0,-66.0,-65.0,-77.5,-90.0,-88.86569093816811,-86.0,-84.0,-81.0,-75.5,-97.0,-85.0,-54.0,-93.0
31,5,-63.0,-63.0,-58.0,-69.0,-96.0,-65.0,-69.0,-78.0,-96.0,-88.0,-79.0,-77.0,-82.0,-77.5,-89.0,-78.0,-54.0,-89.0
31,6,-65.0,-65.0,-64.5,-74.0,-82.0,-57.0,-62.5,-87.0,-87.0,-95.0,-74.0,-81.0,-85.0,-79.0,-96.0,-81.0,-63.0,-98.0
31,7,-64.0,-59.0,-62.0,-64.0,-90.0,-61.0,-60.0,-88.0,-92.5,-91.0,-86.0,-82.0,-79.0,-80.0,-87.0,-85.0,-52.0,-89.0
31,8,-62.0,-62.0,-51.0,-68.0,-86.0,-49.0,-50.0,-78.0,-95.0,-83.0,-94.0,-85.0,-85.0,-78.0,-92.0,-83.0,-59.0,-94.5
31,9,-73.0,-72.0,-58.0,-37.0,-82.0,-59.0,-57.0,-79.0,-82.0,-94.0,-86.0,-81.0,-81.0,-81.0,-92.0,-82.0,-77.0,-89.0
31,10,-70.0,-70.0,-57.0,-47.0,-88.0,-57.5,-56.0,-87.0,-91.0,-88.0,-89.0,-80.0,-80.0,-86.0,-85.0,-80.5,-77.5,-85.0
31,11,-67.5,-66.5,-55.0,-48.5,-85.0,-54.0,-56.0,-76.0,-86.0,-84.0,-85.0,-80.0,-87.0,-86.5,-92.0,-77.5,-79.5,-89.0
31,12,-70.5,-69.0,-56.0,-42.0,-90.0,-54.0,-54.0,-76.0,-90.0,-88.0,-88.0,-84.0,-84.0,-86.0,-93.0,-84.0,-71.0,-88.0
31,13,-69.0,-71.0,-72.0,-65.0,-92.0,-74.0,-73.5,-90.0,-91.0,-90.0,-92.0,-90.5,-90.0,-94.0,-89.40629314787788,-87.0,-80.5,-89.10128204620804
31,14,-79.0,-79.0,-72.0,-64.0,-82.0,-71.0,-71.5,-89.5,-83.0,-82.0,-91.0,-93.5,-92.0,-91.5,-90.37022789810061,-94.0,-82.0,-90.4477860159209
31,15,-77.0,-75.5,-62.0,-65.5,-93.0,-61.0,-59.0,-89.0,-92.0,-96.0,-92.0,-87.0,-92.5,-88.0,-95.0,-91.0,-72.0,-99.0
31,16,-73.0,-74.0,-67.0,-66.0,-91.0,-66.0,-66.0,-90.0,-86.0,-85.0,-93.0,-89.11685596889033,-89.54485513878645,-91.0,-90.86582635888057,-89.0,-80.5,-91.28467575637006
31,17,-77.0,-78.0,-59.0,-67.5,-89.0,-59.0,-58.5,-92.0,-86.5,-84.5,-93.0,-90.0,-94.0,-94.0,-90.40437366289596,-94.0,-81.0,-91.17335087253667
31,18,-73.5,-72.0,-61.5,-63.5,-87.0,-62.0,-62.0,-93.0,-87.5,-85.5,-97.5,-95.0,-91.0,-90.5,-92.0,-89.0,-82.5,-94.0
31,19,-75.5,-73.0,-67.0,-62.5,-89.0,-66.0,-65.5,-88.0,-88.0,-87.5,-91.0,-92.0,-91.0,-90.0,-94.0,-90.5,-81.0,-94.0
32,1,-73.0,-68.5,-62.5,-72.5,-91.0,-74.0,-73.0,-77.0,-92.0,-85.0,-76.0,-86.0,-86.0,-82.0,-88.0,-84.0,-56.0,-89.0
32,2,-70.0,-72.0,-64.0,-74.0,-87.0,-62.5,-63.0,-81.0,-92.0,-84.0,-85.0,-85.0,-81.0,-74.0,-96.0,-81.0,-53.5,-96.0
32,3,-67.0,-64.0,-71.0,-72.0,-86.0,-66.0,-71.0,-79.5,-83.0,-86.0,-84.5,-82.0,-84.0,-79.0,-97.0,-85.5,-59.5,-94.0
32,4,-71.0,-70.0,-68.0,-77.0,-97.0,-70.0,-67.0,-82.0,-90.0,-90.5,-85.0,-78.5,-80.5,-76.0,-88.0,-80.0,-56.0,-93.0
32,5,-69.0,-60.5,-61.0,-72.0,-86.0,-62.0,-64.0,-83.0,-87.0,-87.0,-79.0,-77.0,-80.0,-75.0,-88.0,-76.0,-51.0,-87.0
32,6,-62.0,-64.0,-53.0,-65.0,-76.0,-50.0,-50.0,-87.0,-76.0,-76.0,-85.0,-79.0,-81.0,-83.0,-89.27854063134751,-79.0,-56.0,-95.0
32,7,-68.0,-63.0,-52.0,-63.0,-82.0,-54.0,-51.0,-90.0,-83.0,-85.0,-85.0,-81.0,-82.0,-78.0,-88.92740423687633,-81.0,-58.0,-89.83533999864443
32,8,-61.0,-61.0,-49.0,-68.0,-83.0,-49.0,-48.0,-75.0,-86.0,-86.0,-84.0,-84.0,-85.0,-73.0,-88.0,-85.0,-56.5,-89.0
32,9,-66.0,-65.0,-64.0,-44.0,-80.0,-60.5,-62.0,-86.0,-85.0,-85.0,-87.0,-83.5,-77.0,-85.5,-89.0,-81.0,-77.0,-92.0
32,10,-67.0,-65.0,-57.0,-44.5,-85.0,-61.0,-57.5,-85.0,-92.0,-84.0,-80.0,-76.0,-78.0,-82.0,-80.0,-75.0,-72.5,-86.0
32,11,-76.0,-74.0,-60.0,-43.0,-85.0,-61.0,-58.5,-79.5,-89.0,-94.0,-88.0,-86.0,-86.0,-80.5,-85.0,-80.0,-79.0,-86.0
32,12,-65.0,-62.0,-63.0,-40.0,-93.0,-63.0,-62.0,-89.0,-87.5,-91.0,-84.0,-83.0,-74.0,-79.0,-87.0,-80.0,-79.0,-86.0
32,13,-72.5,-72.5,-72.0,-66.0,-86.0,-72.0,-71.0,-90.5,-87.0,-86.0,-89.0,-92.0,-92.0,-97.0,-89.75658331599584,-91.0,-82.0,-93.0
32,14,-80.0,-77.0,-75.0,-55.0,-82.0,-72.0,-75.0,-97.0,-83.0,-82.0,-90.0,-98.0,-98.0,-92.0,-90.36353953156805,-94.0,-82.0,-90.2183395700013
32,15,-69.0,-67.0,-61.0,-59.0,-88.5,-61.5,-60.5,-86.0,-88.5,-90.0,-93.0,-91.5,-90.5,-89.0,-94.0,-89.5,-89.0,-93.5
32,16,-77.0,-78.0,-70.0,-60.0,-85.0,-72.0,-70.0,-88.5,-83.5,-85.0,-93.0,-97.0,-95.0,-79.0,-90.47220936345053,-95.0,-79.0,-90.7704446517206
32,17,-76.0,-73.0,-67.0,-60.0,-83.0,-68.0,-68.0,-91.0,-82.0,-82.0,-92.02191333385787,-90.0,-94.0,-76.0,-90.16147580009456,-93.0,-79.0,-90.87798292333643
32,18,-72.0,-73.0,-67.5,-61.0,-90.0,-68.5,-69.0,-87.5,-95.5,-88.0,-97.0,-95.0,-90.0,-90.5,-92.0,-89.0,-79.0,-94.0
32,19,-72.0,-73.0,-68.5,-60.0,-90.5,-68.5,-67.0,-90.0,-91.5,-90.5,-93.5,-92.0,-93.0,-89.5,-90.52209027462231,-91.0,-77.0,-91.35690584129453
33,1,-70.0,-70.0,-70.0,-81.0,-88.0,-69.0,-69.5,-82.0,-88.0,-87.0,-86.0,-88.0,-87.0,-75.0,-95.5,-86.0,-65.0,-97.0
33,2,-71.0,-72.0,-74.5,-75.0,-86.0,-75.0,-70.0,-77.0,-95.0,-93.0,-93.0,-85.0,-85.0,-77.0,-96.0,-84.0,-58.5,-96.0
33,3,-64.0,-64.0,-66.0,-71.0,-86.0,-66.0,-70.0,-85.0,-94.0,-86.0,-90.0,-84.0,-86.0,-79.0,-97.0,-86.0,-63.0,-94.0
33,4,-66.0,-65.5,-80.0,-64.0,-90.0,-81.0,-65.0,-89.0,-95.0,-95.0,-80.0,-75.0,-80.0,-76.0,-90.81866057107825,-80.0,-60.0,-94.0
33,5,-67.0,-66.0,-55.5,-73.0,-96.0,-56.0,-55.0,-94.0,-97.0,-88.60721780592782,-92.0,-84.0,-86.0,-81.0,-96.0,-85.0,-59.0,-86.0
33,6,-72.0,-65.0,-60.0,-67.0,-86.0,-58.0,-57.0,-90.0,-96.0,-87.0,-86.0,-85.0,-86.0,-76.0,-87.0,-88.0,-50.0,-86.0
33,7,-63.0,-62.0,-65.0,-71.0,-89.0,-63.0,-65.0,-85.0,-89.0,-93.5,-82.0,-83.0,-79.0,-82.0,-93.0,-81.0,-55.0,-96.0
33,8,-60.0,-60.5,-57.0,-63.0,-84.0,-58.0,-57.0,-77.0,-85.0,-83.0,-84.0,-83.0,-84.0,-78.0,-94.0,-77.0,-60.0,-95.0
33,9,-71.0,-69.5,-66.5,-51.0,-86.0,-67.0,-65.5,-85.0,-84.0,-83.5,-85.0,-80.5,-80.0,-86.5,-86.0,-82.0,-80.0,-85.5
33,10,-73.0,-73.0,-61.0,-49.0,-85.5,-59.0,-60.0,-85.0,-88.0,-86.0,-84.0,-86.0,-86.0,-83.0,-88.0,-85.0,-84.0,-88.0
33,11,-77.0,-72.0,-59.0,-43.0,-86.0,-59.0,-63.0,-84.0,-87.0,-87.0,-85.0,-80.5,-83.0,-86.0,-84.0,-82.0,-77.0,-85.0
33,12,-71.0,-69.5,-56.0,-42.0,-85.5,-59.0,-59.0,-87.0,-83.0,-82.0,-86.0,-78.0,-78.0,-90.0,-91.0,-77.0,-76.0,-93.0
33,13,-76.5,-73.5,-74.0,-57.0,-93.0,-71.0,-74.0,-88.5,-91.0,-92.0,-89.5,-92.0,-93.0,-92.0,-98.0,-96.0,-76.82785010171791,-89.55401826503423
33,14,-78.0,-79.0,-75.0,-46.0,-93.5,-77.0,-75.5,-95.0,-92.5,-93.0,-96.0,-94.0,-92.0,-94.0,-90.8832979589849,-96.0,-77.91124334214861,-89.62497643312898
33,15,-75.0,-75.5,-68.5,-47.0,-87.0,-70.0,-69.0,-89.5,-87.5,-89.0,-90.78894833277137,-96.5,-90.41050260600399,-94.0,-90.32535791244345,-95.0,-78.78295463065386,-90.06833184085947
33,16,-84.0,-87.0,-71.0,-57.5,-87.0,-72.0,-71.0,-93.0,-89.0,-88.0,-97.0,-90.65539794366431,-94.0,-93.0,-89.79999529950557,-97.0,-78.70109033268378,-89.91739500411211
33,17,-79.0,-78.0,-77.0,-50.0,-90.5,-77.5,-76.0,-92.5,-90.5,-92.0,-98.0,-89.9375379385009,-90.71078378891222,-87.51945013836153,-89.59547424340838,-91.03787607269379,-78.73743860412364,-90.05289288739677
33,18,-85.5,-80.0,-74.5,-44.0,-85.5,-74.0,-73.0,-93.0,-84.0,-82.5,-96.0,-90.49469776706458,-89.8098642301028,-88.6743163103994,-89.78375782399236,-90.28875038234087,-79.01154991165949,-90.5432197970617
33,19,-81.0,-85.0,-72.0,-52.0,-86.0,-68.0,-74.0,-91.0,-84.0,-81.0,-98.0,-95.0,-89.4172926388248,-96.0,-89.43678224098245,-95.0,-78.8201696528333,-90.10812294915866
34,1,-80.0,-80.5,-70.0,-64.0,-85.0,-75.0,-69.0,-85.5,-89.74176344427056,-84.0,-87.97868111767693,-89.0,-92.5,-74.0,-90.98548066095574,-94.0,-60.266901960310236,-90.77981770270709
34,2,-80.0,-81.0,-72.0,-70.0,-87.83940567283442,-73.0,-71.0,-82.0,-90.64117426377753,-93.0,-97.0,-87.0,-86.0,-76.0,-91.33589465799542,-87.0,-59.810271993753865,-88.0
34,3,-75.0,-74.0,-72.0,-64.5,-89.24289671173891,-69.5,-72.0,-89.5,-91.49821235437746,-89.85791545720188,-88.58779822604271,-86.0,-86.0,-79.0,-91.10944565315378,-86.0,-60.08248143871034,-90.45428870427719
34,4,-79.0,-82.0,-73.0,-65.0,-96.0,-71.5,-71.5,-84.0,-99.0,-96.0,-87.39858088451287,-85.75372251416448,-97.0,-88.0,-90.2135025749119,-94.0,-60.12090744283871,-90.03589130201912
34,5,-82.0,-78.0,-66.5,-62.5,-90.1983184586187,-71.0,-70.0,-91.0,-91.50601775306342,-89.73795313684163,-89.0,-95.5,-94.0,-85.0,-89.91994154878341,-92.5,-60.28104435325106,-89.10110170221927
34,6,-81.0,-78.0,-70.5,-61.0,-95.0,-71.0,-70.0,-83.0,-95.0,-91.0,-98.0,-95.0,-94.5,-83.0,-89.25794528312515,-94.0,-60.85871534979711,-89.11629270332611
34,7,-72.0,-70.0,-70.0,-63.0,-92.0,-69.0,-68.0,-86.0,-88.0,-90.0,-95.0,-95.5,-89.0,-91.0,-89.52164555097352,-94.0,-63.41316249682981,-89.81320061691504
34,8,-73.0,-71.0,-63.0,-63.0,-85.0,-63.0,-60.0,-89.0,-83.0,-85.0,-83.0,-82.0,-86.0,-93.0,-89.0,-91.0,-68.1911701328845,-87.0
34,9,-68.5,-69.0,-62.0,-37.0,-87.0,-61.0,-64.0,-90.5,-86.0,-86.0,-85.0,-85.0,-81.0,-87.0,-87.0,-83.5,-80.0,-92.0
34,10,-79.0,-77.0,-57.0,-50.0,-92.0,-56.0,-55.0,-86.0,-88.0,-84.0,-82.0,-81.5,-82.5,-87.0,-89.0,-83.0,-79.5,-88.0
34,11,-71.0,-70.0,-58.0,-43.0,-85.0,-59.0,-57.0,-86.5,-87.0,-86.5,-84.0,-84.0,-81.0,-87.0,-89.5,-80.0,-79.0,-92.0
34,12,-70.0,-69.0,-64.0,-41.0,-87.0,-63.0,-64.0,-86.0,-83.0,-86.0,-91.0,-87.0,-89.0,-86.0,-93.0,-83.0,-79.0,-91.0
34,13,-73.0,-72.0,-71.0,-50.0,-87.0,-70.0,-68.0,-93.0,-88.5,-87.0,-91.0,-96.0,-93.0,-90.5,-98.0,-95.0,-79.5,-89.87248760250517
34,14,-80.0,-78.0,-69.0,-46.0,-87.0,-68.0,-68.0,-96.0,-86.0,-87.0,-96.0,-96.0,-96.0,-94.5,-91.1680771069368,-96.0,-82.0,-89.51636209041926
34,15,-78.0,-75.0,-79.0,-45.0,-87.0,-78.0,-78.0,-95.0,-85.0,-85.0,-86.0,-96.0,-96.0,-90.0,-89.81412729837125,-96.0,-83.0,-89.32804273588052
34,16,-77.5,-78.0,-70.0,-45.0,-91.0,-69.0,-73.0,-90.5,-90.0,-91.0,-91.20181249113259,-90.79814939312242,-94.0,-94.5,-89.31635705674627,-91.47063119360534,-82.0,-89.28395593416518
34,17,-82.0,-80.0,-64.0,-49.0,-82.0,-65.0,-66.0,-93.0,-82.5,-84.0,-95.0,-89.57329930995168,-96.0,-92.0,-89.07846386940585,-99.0,-80.0,-89.31547369986542
34,18,-77.0,-77.0,-68.0,-50.0,-87.0,-67.0,-66.0,-94.0,-86.0,-85.0,-91.0,-89.77326298938684,-89.92431911997886,-98.0,-88.95318256232837,-90.70057262090911,-84.0,-89.358604705728
34,19,-82.0,-77.0,-67.0,-53.0,-84.0,-70.0,-66.0,-95.5,-84.0,-86.0,-94.0,-90.58236352146466,-88.77475439495277,-87.0,-88.75116973960152,-90.67797272164363,-83.5,-89.21315138350194
35,1,-84.0,-77.0,-74.0,-75.0,-87.5916525682733,-74.0,-73.0,-82.0,-89.63944230654603,-88.65567622806074,-87.92721127932165,-89.0,-91.0,-74.0,-89.55914825947833,-94.0,-60.63317842985347,-89.51879400365333
35,2,-84.0,-79.0,-74.0,-64.0,-88.3232274078686,-73.5,-72.5,-84.0,-90.10104793264732,-93.0,-89.50198040202464,-83.0,-85.0,-82.0,-89.75846762091471,-96.0,-60.68893790856839,-89.46587657008901
35,3,-80.5,-81.0,-71.0,-62.0,-89.85800211922837,-70.0,-68.5,-92.0,-90.90682059697232,-90.13510225081666,-96.0,-86.0,-96.0,-85.0,-89.65650642142745,-95.5,-60.94209999270655,-89.49933100182106
35,4,-77.0,-74.0,-74.0,-68.0,-96.0,-76.0,-75.5,-81.0,-93.0,-93.0,-87.0,-97.0,-93.0,-86.0,-89.38167868400511,-97.0,-61.386960414370904,-89.31274198453617
35,5,-76.5,-77.0,-77.0,-63.0,-90.075715898493,-75.0,-69.5,-93.0,-90.0,-93.0,-94.0,-92.0,-93.0,-84.0,-89.16059933341684,-92.0,-62.13475960213832,-89.08809391054078
35,6,-77.0,-75.0,-67.0,-66.0,-89.59494658867894,-68.0,-67.0,-94.0,-95.0,-89.40458677412602,-97.0,-94.0,-95.0,-95.0,-89.11627950780947,-86.0,-63.474316976833684,-89.16734981631336
35,7,-77.0,-74.0,-69.0,-64.0,-92.0,-70.0,-65.0,-85.0,-93.0,-94.0,-87.0,-86.0,-85.0,-88.0,-89.82377880960227,-88.0,-65.8299397416598,-89.97550578135235
35,8,-71.0,-68.5,-62.0,-68.0,-94.0,-63.0,-62.0,-86.0,-93.0,-86.0,-94.0,-93.0,-93.5,-88.5,-96.5,-91.0,-69.73927780138021,-97.0
35,9,-71.0,-71.0,-53.0,-58.0,-88.0,-58.0,-52.0,-86.0,-88.0,-88.0,-89.0,-90.0,-88.5,-92.0,-91.5,-85.0,-77.0,-90.5
35,10,-72.0,-71.0,-63.0,-51.0,-87.0,-62.0,-61.0,-86.0,-88.0,-85.0,-90.0,-87.0,-86.0,-86.0,-91.0,-85.0,-79.0,-88.0
35,11,-75.0,-77.0,-59.0,-41.0,-92.0,-58.5,-57.5,-89.0,-93.0,-82.0,-88.0,-83.0,-86.0,-83.0,-90.0,-86.0,-76.0,-91.0
35,12,-79.0,-73.0,-60.0,-44.0,-92.0,-62.0,-59.0,-81.5,-93.0,-91.0,-89.0,-86.0,-86.0,-88.0,-90.0,-87.0,-83.0,-89.0
35,13,-77.0,-74.0,-65.5,-49.0,-88.5,-67.0,-71.5,-95.0,-90.5,-89.0,-95.5,-96.0,-93.0,-89.0,-96.0,-96.0,-80.0,-95.0
35,14,-80.5,-78.0,-67.0,-49.0,-89.0,-68.5,-66.0,-95.0,-85.0,-87.0,-100.0,-97.0,-95.0,-91.5,-90.87645095116953,-95.0,-81.0,-89.92794656089407
35,15,-84.0,-76.0,-68.0,-49.0,-91.0,-68.0,-69.0,-94.0,-91.0,-89.5,-85.0,-95.0,-94.0,-95.0,-89.54584258277448,-97.0,-79.0,-89.09895550400839
35,16,-77.0,-75.0,-72.0,-43.0,-90.0,-72.5,-69.0,-96.0,-91.0,-86.0,-96.0,-95.0,-87.0,-87.0,-89.00720667665541,-90.41544554252923,-85.0,-88.91012906593878
35,17,-80.0,-78.0,-70.0,-51.5,-84.0,-70.5,-70.0,-98.0,-87.0,-85.0,-87.0,-87.0,-89.77864376486451,-92.0,-88.72476972784114,-86.0,-88.0,-88.84766242606841
35,18,-78.0,-76.0,-65.0,-50.0,-89.0,-65.0,-64.0,-93.0,-87.0,-87.0,-90.0,-89.63503756889104,-89.10217907668456,-93.0,-88.533059561191,-90.0272948750906,-80.0,-88.79447617037529
35,19,-83.0,-82.0,-65.0,-46.5,-86.0,-65.0,-65.0,-93.0,-84.0,-86.0,-94.0,-95.0,-88.34746598213349,-97.0,-88.34187706589682,-96.0,-84.5,-88.67906025323663
